Section,Subsection,Status,Title,Attributes,Description
"âœ… Abgeschlossene Aufgaben","Phase 1: Core Services & Backend Foundation","Completed","Projekt-Setup","Prio: High | Est: 2 days | Owner: Max","High | Est: 2 days | Owner: Max): Initialisierung von Monorepo, TypeScript, ESLint, Prettier."
"âœ… Abgeschlossene Aufgaben","Phase 1: Core Services & Backend Foundation","Completed","Datenbank-Design","Prio: High | Est: 3 days | Owner: Sarah","High | Est: 3 days | Owner: Sarah): Prisma Schema fÃ¼r User, Cases, Documents, Lawyers."
"âœ… Abgeschlossene Aufgaben","Phase 1: Core Services & Backend Foundation","Completed","Authentication","Prio: Critical | Est: 4 days | Owner: Max","Critical | Est: 4 days | Owner: Max): JWT-basierte Auth, Password Hashing, Role-based Access Control."
"âœ… Abgeschlossene Aufgaben","Phase 1: Core Services & Backend Foundation","Completed","Core Services","",""
"âœ… Abgeschlossene Aufgaben","Phase 1: Core Services & Backend Foundation","Completed","Task 11.3: Audit & Monitoring","Prio: Medium | Est: 4 days | Depends on: Authentication | Owner: Alex","Audit & Monitoring** (Prio: Medium | Est: 4 days | Depends on: Authentication | Owner: Alex):"
"âœ… Abgeschlossene Aufgaben","Phase 1: Core Services & Backend Foundation","Completed","Task 12.1: Testing","Prio: Critical | Est: 5 days | Depends on: Core Services | Owner: Team","Testing** (Prio: Critical | Est: 5 days | Depends on: Core Services | Owner: Team):"
"âœ… Abgeschlossene Aufgaben","Phase 2: Web Application","Completed","Task 8.5: Lawyer Search & Booking","Prio: High | Est: 5 days | Depends on: UserService | Owner: Lisa","Lawyer Search & Booking** (Prio: High | Est: 5 days | Depends on: UserService | Owner: Lisa):"
"âœ… Abgeschlossene Aufgaben","Phase 2: Web Application","Completed","UI/UX","Prio: Medium | Est: 4 days | Depends on: Projekt-Setup | Owner: Anna","Medium | Est: 4 days | Depends on: Projekt-Setup | Owner: Anna):"
"âœ… Abgeschlossene Aufgaben","Phase 3: Mobile Application","Completed","Task 9.2: Chat & Documents","Prio: High | Est: 5 days | Depends on: Authentication | Owner: Tom","Chat & Documents** (Prio: High | Est: 5 days | Depends on: Authentication | Owner: Tom):"
"ðŸš§ In Bearbeitung / NÃ¤chste Schritte","Infrastructure & DevOps","Completed","CI/CD Pipeline Finalisierung","Prio: High | Est: 3 days | Depends on: Projekt-Setup | Owner: DevOps Team","High | Est: 3 days | Depends on: Projekt-Setup | Owner: DevOps Team):"
"ðŸš§ In Bearbeitung / NÃ¤chste Schritte","Infrastructure & DevOps","Completed","Infrastructure as Code (Terraform)","Terraform","Medium | Est: 4 days | Depends on: CI/CD Pipeline Finalisierung | Owner: DevOps Team):"
"ðŸš§ In Bearbeitung / NÃ¤chste Schritte","Backend","Completed","PDF Generierung","Prio: Medium | Est: 3 days | Depends on: DocumentStorage | Owner: Alex","Medium | Est: 3 days | Depends on: DocumentStorage | Owner: Alex): Implementierung der echten PDF-Erstellung (aktuell Placeholder)."
"ðŸš§ In Bearbeitung / NÃ¤chste Schritte","Backend","Completed","Performance Optimierung","Prio: High | Est: 4 days | Depends on: Core Services | Owner: Max","High | Est: 4 days | Depends on: Core Services | Owner: Max): Load Testing fÃ¼r High-Traffic Szenarien."
"ðŸš§ In Bearbeitung / NÃ¤chste Schritte","Backend","Completed","Container Scanning","Prio: High | Est: 2 days | Depends on: CI/CD Pipeline Finalisierung | Owner: DevOps Team","High | Est: 2 days | Depends on: CI/CD Pipeline Finalisierung | Owner: DevOps Team): Integration von Container Security Scanning in die CI/CD Pipeline."
"ðŸ“‹ Geplante Aufgaben (Backlog)","Alerting","Completed","Monitoring Integration","Prio: Medium | Est: 2 days | Depends on: Task 11.3: Audit & Monitoring | Owner: Alex","Medium | Est: 2 days | Depends on: Task 11.3: Audit & Monitoring | Owner: Alex):"
"ðŸ“‹ Geplante Aufgaben (Backlog)","Alerting","Completed","Slack","z.B. Brute-Force-Attacken, SystemausfÃ¤lle",""
"ðŸ“‹ Geplante Aufgaben (Backlog)","Testing","Completed","Mutation Testing","Prio: Medium | Est: 3 days | Depends on: Task 12.1: Testing | Owner: QA Team","Medium | Est: 3 days | Depends on: Task 12.1: Testing | Owner: QA Team):"
"ðŸ“‹ Geplante Aufgaben (Backlog)","Testing","Completed","Mutation Testing","z.B. mit Stryker",""
"ðŸ“‹ Geplante Aufgaben (Backlog)","Testing","Completed","Visual Regression Tests","Prio: Medium | Est: 3 days | Depends on: UI/UX | Owner: Anna","Medium | Est: 3 days | Depends on: UI/UX | Owner: Anna):"
"ðŸ“‹ Geplante Aufgaben (Backlog)","Testing","Completed","Visual Regression Tests","Web & Mobile",""
"ðŸ“‹ Geplante Aufgaben (Backlog)","Dokumentation","Completed","API Dokumentation","Prio: Medium | Est: 2 days | Depends on: Core Services | Owner: Max","Medium | Est: 2 days | Depends on: Core Services | Owner: Max):"
"ðŸ“‹ Geplante Aufgaben (Backlog)","Dokumentation","Completed","API-Dokumentation","Swagger/OpenAPI",""
"ðŸ“‹ Geplante Aufgaben (Backlog)","Dokumentation","Completed","Admin User Guide","Prio: Low | Est: 3 days | Depends on: Task 11.3: Audit & Monitoring | Owner: Sarah","Low | Est: 3 days | Depends on: Task 11.3: Audit & Monitoring | Owner: Sarah):"
"ðŸ“‹ Geplante Aufgaben (Backlog)","Dokumentation","Completed","User Guides","",""
"ðŸ“‹ Geplante Aufgaben (Backlog)","Security","Completed","Dependency Audits","Prio: High | Est: 1 day | Depends on: Projekt-Setup | Owner: Alex","High | Est: 1 day | Depends on: Projekt-Setup | Owner: Alex):"
"ðŸ“‹ Geplante Aufgaben (Backlog)","Security","Completed","Dependency Audits","`npm audit`",""
"ðŸ“‹ Geplante Aufgaben (Backlog)","Security","Completed","Container Scanning","Prio: High | Est: 2 days | Depends on: Container Scanning | Owner: DevOps Team","High | Est: 2 days | Depends on: Container Scanning | Owner: DevOps Team):"
"ðŸ“‹ Geplante Aufgaben (Backlog)","Security","Completed","Container Scanning","",""
